"; *** SCR1","K5","Q","2651","SK5-Q","1","",
"; *** SCR1","K5","R","276","SK5-Q","1","",
"DC","D81","A","241","D81","0","",
"DC","D81","K","102","D81","0","",
"DC","D810","A","LTEST12P","D810","0","",
"DC","D810","K","226","D810","0","",
"DC","D811","A","LTEST12P","D811","0","",
"DC","D811","K","230","D811","0","",
"DC","D812","A","LTEST12P","D812","0","",
"DC","D812","K","232","D812","0","",
"DC","D813","A","246","D813","0","",
"DC","D813","K","LTEST12N","D813","0","",
"DC","D813A","A","246","D813A","0","",
"DC","D813A","K","174","D813A","0","",
"DC","D814","A","247","D814","0","",
"DC","D814","K","LTEST12N","D814","0","",
"DC","D814A","A","247","D814A","0","",
"DC","D814A","K","174","D814A","0","",
"DC","D815","A","248","D815","0","",
"DC","D815","K","LTEST12N","D815","0","",
"DC","D815A","A","248","D815A","0","",
"DC","D815A","K","172","D815A","0","",
"DC","D816","A","131","D816","0","",
"DC","D816","K","LTEST12N","D816","0","",
"DC","D816A","A","131","D816A","0","",
"DC","D816A","K","172","D816A","0","",
"DC","D817","A","249","D817","0","",
"DC","D817","K","LTEST12N","D817","0","",
"DC","D818","A","179","D818","0","",
"DC","D818","K","LTEST12N","D818","0","",
"DC","D819","A","180","D819","0","",
"DC","D819","K","LTEST12N","D819","0","",
"DC","D82","A","241","D82","0","",
"DC","D82","K","LTEST12N","D82","0","",
"DC","D83","A","242","D83","0","",
"DC","D83","K","119","D83","0","",
"DC","D84","A","242","D84","0","",
"DC","D84","K","LTEST12N","D84","0","",
"DC","D85","A","243","D85","0","",
"DC","D85","K","139","D85","0","",
"DC","D86","A","243","D86","0","",
"DC","D86","K","LTEST12N","D86","0","",
"DC","D87","A","244","D87","0","",
"DC","D87","K","160","D87","0","",
"DC","D88","A","244","D88","0","",
"DC","D88","K","LTEST12N","D88","0","",
"DC","D89","A","LTEST12P","D89","0","",
"DC","D89","K","226","D89","0","",
"DC","DPC1-1","A","PC1-101","DPC1-1","0","",
"DC","DPC1-1","K","102","DPC1-1","0","",
"DC","DPC1-2","A","PC1-102","DPC1-2","0","",
"DC","DPC1-2","K","102","DPC1-2","0","",
"DC","DPC1-22","A","215","DPC1-22","0","",
"DC","DPC1-22","K","PC1-101","DPC1-22","0","",
"DC","DPC1-23","A","101","DPC1-23","0","",
"DC","DPC1-23","K","PC1-105","DPC1-23","0","",
"DC","DPC1-24","A","118","DPC1-24","0","",
"DC","DPC1-24","K","PC1-105","DPC1-24","0","",
"DC","DPC1-25","A","137","DPC1-25","0","",
"DC","DPC1-25","K","PC1-105","DPC1-25","0","",
"DC","DPC1-26","A","158","DPC1-26","0","",
"DC","DPC1-26","K","PC1-105","DPC1-26","0","",
"DC","DPC1-3","A","PC1-101","DPC1-3","0","",
"DC","DPC1-3","K","119","DPC1-3","0","",
"DC","DPC1-32","A","101","DPC1-32","0","",
"DC","DPC1-32","K","226","DPC1-32","0","",
"DC","DPC1-33","A","118","DPC1-33","0","",
"DC","DPC1-33","K","226","DPC1-33","0","",
"DC","DPC1-34","A","137","DPC1-34","0","",
"DC","DPC1-34","K","230","DPC1-34","0","",
"DC","DPC1-35","A","158","DPC1-35","0","",
"DC","DPC1-35","K","232","DPC1-35","0","",
"DC","DPC1-4","A","PC1-102","DPC1-4","0","",
"DC","DPC1-4","K","119","DPC1-4","0","",
"DC","DPC1-5","A","PC1-101","DPC1-5","0","",
"DC","DPC1-5","K","139","DPC1-5","0","",
"DC","DPC1-6","A","PC1-102","DPC1-6","0","",
"DC","DPC1-6","K","139","DPC1-6","0","",
"DC","DPC1-7","A","PC1-101","DPC1-7","0","",
"DC","DPC1-7","K","160","DPC1-7","0","",
"DC","DPC1-8","A","PC1-102","DPC1-8","0","",
"DC","DPC1-8","K","160","DPC1-8","0","",
"DC","K1","1","132","SK1-1","1","",
"DC","K1","2","218","SK1-1","1","",
"DC","K1","A","128","RK1","1000","",
"DC","K1","B","PC1-105","RK1","1000","",
"DC","K2","1","135","SK2-1","1","",
"DC","K2","2","218","SK2-1","1","",
"DC","K2","A","149","RK2","1000","",
"DC","K2","B","PC1-105","RK2","1000","",
"DC","K3","1","169","SK3-1","1","",
"DC","K3","2","218","SK3-1","1","",
"DC","K3","A","167","RK3","1000","",
"DC","K3","B","PC1-105","RK3","1000","",
"DC","K4","13","263","SK4-13","1","",
"DC","K4","14","108","SK4-13","1","",
"DC","K4","23","264","SK4-23","1","",
"DC","K4","24","109","SK4-23","1","",
"DC","K4","33","265","SK4-33","1","",
"DC","K4","34","144","SK4-33","1","",
"DC","K4","43","266","SK4-43","1","",
"DC","K4","44","145","SK4-43","1","",
"DC","K4","A","2701","RK4","472","",
"DC","K4","B","PC1-105","RK4","472","",
"DC","L1","1","246","L1","28","",
"DC","L1","2","172","L1","28","",
"DC","L2","1","247","L2","28","",
"DC","L2","2","172","L2","28","",
"DC","L21","1","241","L21","28","",
"DC","L21","2","226","L21","28","",
"DC","L22","1","242","L22","28","",
"DC","L22","2","226","L22","28","",
"DC","L23","1","243","L23","28","",
"DC","L23","2","230","L23","28","",
"DC","L24","1","244","L24","28","",
"DC","L24","2","232","L24","28","",
"DC","L25","1","249","L25","28","",
"DC","L25","2","172","L25","28","",
"DC","L26","1","179","L26","28","",
"DC","L26","2","172","L26","28","",
"DC","L3","1","248","L3","28","",
"DC","L3","2","172","L3","28","",
"DC","L36","1","180","L36","28","",
"DC","L36","2","172","L36","28","",
"DC","L4","1","131","L4","28","",
"DC","L4","2","172","L4","28","",
"DC","M1","[+]","219","RM1","50","",
"DC","M1","[-]","0","RM1","50","",
"DC","PC1","1","0","XPC1-1","","",
"DC","PC1","10","260","XPC1-10","","",
"DC","PC1","11","236","XPC1-11","","",
"DC","PC1","12","238","XPC1-12","","",
"DC","PC1","13","0","XPC1-13","","",
"DC","PC1","14","215","XPC1-14","","",
"DC","PC1","15","263","XPC1-15","","",
"DC","PC1","16","264","XPC1-16","","",
"DC","PC1","17","265","XPC1-17","","",
"DC","PC1","18","266","XPC1-18","","",
"DC","PC1","19","145","XPC1-19","","",
"DC","PC1","2","102","XPC1-02","","",
"DC","PC1","20","144","XPC1-20","","",
"DC","PC1","21","218","XPC1-21","","",
"DC","PC1","22","226","XPC1-22","","",
"DC","PC1","24","101","XPC1-24","","",
"DC","PC1","25","132","XPC1-25","","",
"DC","PC1","26","226","XPC1-26","","",
"DC","PC1","28","118","XPC1-28","","",
"DC","PC1","29","135","XPC1-29","","",
"DC","PC1","3","119","XPC1-03","","",
"DC","PC1","31","230","XPC1-31","","",
"DC","PC1","32","137","XPC1-32","","",
"DC","PC1","33","169","XPC1-33","","",
"DC","PC1","34","232","XPC1-34","","",
"DC","PC1","35","2701","XPC1-35","","",
"DC","PC1","36","158","XPC1-36","","",
"DC","PC1","38","108","XPC1-38","","",
"DC","PC1","4","139","XPC1-04","","",
"DC","PC1","40","109","XPC1-40","","",
"DC","PC1","5","160","XPC1-05","","",
"DC","POT1A","1","116","P1A","1000","",
"DC","POT1A","2","238","P1A","1000","",
"DC","POT1A","3","107","P1A","1000","",
"DC","POT1B","1","212","P1B","1000","",
"DC","POT1B","2","236","P1B","1000","",
"DC","POT1B","3","124","P1B","1000","",
"DC","POT2A","1","136","P2A","1000","",
"DC","POT2A","2","238","P2A","1000","",
"DC","POT2A","3","143","P2A","1000","",
"DC","POT2B","1","157","P2B","1000","",
"DC","POT2B","2","236","P2B","1000","",
"DC","POT2B","3","164","P2B","1000","",
"DC","POT3A","1","212","P3A","1000","",
"DC","POT3A","2","236","P3A","1000","",
"DC","POT3A","3","110","P3A","1000","",
"DC","POT3B","1","136","P3B","1000","",
"DC","POT3B","2","238","P3B","1000","",
"DC","POT3B","3","146","P3B","1000","",
"DC","POT4A","1","212","P4A","1000","",
"DC","POT4A","2","236","P4A","1000","",
"DC","POT4A","3","130","P4A","1000","",
"DC","POT4B","1","136","P4B","1000","",
"DC","POT4B","2","238","P4B","1000","",
"DC","POT4B","3","151","P4B","1000","",
"DC","POT5A","1","212","P5A","1000","",
"DC","POT5A","2","236","P5A","1000","",
"DC","POT5A","3","239","P5A","1000","",
"DC","POT5B","1","136","P5B","1000","",
"DC","POT5B","2","238","P5B","1000","",
"DC","POT5B","3","154","P5B","1000","",
"DC","POTFT","1","136","PFT","1000","",
"DC","POTFT","2","","PFT","1000","",
"DC","POTFT","3","112","PFT","1000","",
"DC","RCAL1","1","218","RCAL1","2500","",
"DC","RCAL1","2","219","RCAL1","2500","",
"DC","RPC1-1","1","PC1-102","RPC1-1","47","",
"DC","RPC1-1","2","236","RPC1-1","47","",
"DC","RPC1-2","1","PC1-101","RPC1-2","47","",
"DC","RPC1-2","2","238","RPC1-2","47","",
"DC","RPC1-3","1","PC1-101","RPC1-3","47","",
"DC","RPC1-3","2","260","RPC1-3","47","",
"DC","RSCR1","1","SCR1-02","RSCR1","1000","",
"DC","RSCR1","2","SCR1-01","RSCR1","1000","",
"DC","S1","A1","102","S1-A1","1","",
"DC","S1","A10","102","S1-A10","1","",
"DC","S1","A11","102","S1-A11","1","",
"DC","S1","A2","102","S1-A2","1","",
"DC","S1","A3","102","S1-A3","1","",
"DC","S1","A4","102","S1-A4","1","",
"DC","S1","A8","102","S1-A8","1","",
"DC","S1","A9","102","S1-A9","1","",
"DC","S1","B1","264","S1-A1","1","",
"DC","S1","B10","263","S1-A10","1","",
"DC","S1","B11","330","S1-A11","1","",
"DC","S1","B2","330","S1-A2","1","",
"DC","S1","B3","330","S1-A3","1","",
"DC","S1","B4","330","S1-A4","1","",
"DC","S1","B8","263","S1-A8","1","",
"DC","S1","B9","263","S1-A9","1","",
"DC","S1","C1","119","S1-C1","1","",
"DC","S1","C10","119","S1-C10","1","",
"DC","S1","C11","119","S1-C11","1","",
"DC","S1","C2","119","S1-C2","1","",
"DC","S1","C3","119","S1-C3","1","",
"DC","S1","C4","119","S1-C4","1","",
"DC","S1","C8","119","S1-C8","1","",
"DC","S1","C9","119","S1-C9","1","",
"DC","S1","D1","335","S1-C1","1","",
"DC","S1","D10","335","S1-C10","1","",
"DC","S1","D11","322","S1-C11","1","",
"DC","S1","D2","318","S1-C2","1","",
"DC","S1","D3","322","S1-C3","1","",
"DC","S1","D4","318","S1-C4","1","",
"DC","S1","D8","322","S1-C8","1","",
"DC","S1","D9","322","S1-C9","1","",
"DC","S1","E1","139","S1-E1","1","",
"DC","S1","E10","139","S1-E10","1","",
"DC","S1","E11","139","S1-E11","1","",
"DC","S1","E2","139","S1-E2","1","",
"DC","S1","E3","139","S1-E3","1","",
"DC","S1","E4","139","S1-E4","1","",
"DC","S1","E8","139","S1-E8","1","",
"DC","S1","E9","139","S1-E9","1","",
"DC","S1","F1","336","S1-E1","1","",
"DC","S1","F10","319","S1-E10","1","",
"DC","S1","F11","265","S1-E11","1","",
"DC","S1","F2","266","S1-E2","1","",
"DC","S1","F3","319","S1-E3","1","",
"DC","S1","F4","336","S1-E4","1","",
"DC","S1","F8","336","S1-E8","1","",
"DC","S1","F9","319","S1-E9","1","",
"DC","S1","G1","160","S1-G1","1","",
"DC","S1","G10","160","S1-G10","1","",
"DC","S1","G11","160","S1-G11","1","",
"DC","S1","G2","160","S1-G2","1","",
"DC","S1","G3","160","S1-G3","1","",
"DC","S1","G4","160","S1-G4","1","",
"DC","S1","G8","160","S1-G8","1","",
"DC","S1","G9","160","S1-G9","1","",
"DC","S1","H1","320","S1-G1","1","",
"DC","S1","H10","323","S1-G10","1","",
"DC","S1","H11","320","S1-G11","1","",
"DC","S1","H2","331","S1-G2","1","",
"DC","S1","H3","331","S1-G3","1","",
"DC","S1","H4","323","S1-G4","1","",
"DC","S1","H8","320","S1-G8","1","",
"DC","S1","H9","331","S1-G9","1","",
"DC","S11","1","172","S11-1","1","",
"DC","S11","2","LTEST12P","S11-1","1","",
"DC","S11","3","174","S11-3","1","",
"DC","S11","4","LTEST12N","S11-3","1","",
"DC","S2","1","330","S2-1","1","",
"DC","S2","2","106","S2-1","1","",
"DC","S2","3","335","S2-3","1","",
"DC","S2","4","123","S2-3","1","",
"DC","S2","5","174","S2-5","1","",
"DC","S2","6","189","S2-5","1","",
"DC","S3","1","104","S3-1","0","",
"DC","S3","2","105","S3-1","0","",
"DC","S3","3","121","S3-3","0","",
"DC","S3","4","122","S3-3","0","",
"DC","S3","5","140","S3-5","0","",
"DC","S3","6","141","S3-5","0","",
"DC","S3","7","161","S3-7","0","",
"DC","S3","8","162","S3-7","0","",
"DC","S4","1","336","S4-1","1","",
"DC","S4","2","142","S4-1","1","",
"DC","S4","3","331","S4-3","1","",
"DC","S4","4","163","S4-3","1","",
"DC","S4","5","174","S4-5","1","",
"DC","S4","6","190","S4-5","1","",
"DC","S5","1","322","S5-1","1","",
"DC","S5","10","187","S5-9","1","",
"DC","S5","11","174","S5-11","1","",
"DC","S5","12","187","S5-11","1","",
"DC","S5","13","215","S5-13","1","",
"DC","S5","14","2701","S5-13","1","",
"DC","S5","2","125","S5-1","1","",
"DC","S5","3","322","S5-3","1","",
"DC","S5","4","126","S5-3","1","",
"DC","S5","5","323","S5-5","1","",
"DC","S5","6","165","S5-5","1","",
"DC","S5","7","323","S5-7","1","",
"DC","S5","8","166","S5-7","1","",
"DC","S5","9","174","S5-9","1","",
"DC","S6","1","318","S6-1","1","",
"DC","S6","10","167","S6-9","1","",
"DC","S6","11","320","S6-11","1","",
"DC","S6","12","168","S6-11","1","",
"DC","S6","13","174","S6-13","1","",
"DC","S6","14","188","S6-13","1","",
"DC","S6","15","174","S6-15","1","",
"DC","S6","16","188","S6-15","1","",
"DC","S6","2","128","S6-1","1","",
"DC","S6","3","318","S6-3","1","",
"DC","S6","4","129","S6-3","1","",
"DC","S6","5","319","S6-5","1","",
"DC","S6","6","149","S6-5","1","",
"DC","S6","7","319","S6-7","1","",
"DC","S6","8","150","S6-7","1","",
"DC","S6","9","320","S6-9","1","",
"DC","S7","C","189","S7A","1","",
"DC","S7","NO","191","S7A","1","",
"DC","S8","C","190","S8A","1","",
"DC","S8","NO","192","S8A","1","",
"DC","S9A","C","260","S9A","1","",
"DC","S9A","NO","","S9A","1","",
"DC","TB11","1","172","X1101","","",
"DC","TB11","2","172","X1102","","",
"DC","TB11","3","172","X1103","","",
"DC","TB11","4","172","X1104","","",
"DC","TB11","4","172","X1104","","",
"DC","TB11","5","172","X1105","","",
"DC","TB11","6","172","X1106","","",
"DC","TB5","17","131","X0417","","",
"DC","TB7","1","","X0701","","",
"DC","TB7","2","112","X0702","","",
"DC","TB7","3","136","X0703","","",
"DC","TB7","8","218","X0708","","",
"DC","TB7","9","219","X0709","","",
"DC","TB8","1","102","X0801","","",
"DC","TB8","10","226","X0810","","",
"DC","TB8","11","230","X0811","","",
"DC","TB8","12","232","X0812","","",
"DC","TB8","13","LTEST12N","X0813","","",
"DC","TB8","14","LTEST12N","X0814","","",
"DC","TB8","15","LTEST12N","X0815","","",
"DC","TB8","16","LTEST12N","X0816","","",
"DC","TB8","17","LTEST12N","X0817","","",
"DC","TB8","18","LTEST12N","X0818","","",
"DC","TB8","2","LTEST12N","X0802","","",
"DC","TB8","3","119","X0803","","",
"DC","TB8","4","LTEST12N","X0804","","",
"DC","TB8","5","139","X0805","","",
"DC","TB8","6","LTEST12N","X0806","","",
"DC","TB8","7","160","X0807","","",
"DC","TB8","8","LTEST12N","X0808","","",
"DC","TB8","9","226","X0809","","",
"DC","TB9","1","241","X0901","","",
"DC","TB9","10","LTEST12P","X0910","","",
"DC","TB9","11","LTEST12P","X0911","","",
"DC","TB9","12","LTEST12P","X0912","","",
"DC","TB9","13","246","X0913","","",
"DC","TB9","14","247","X0914","","",
"DC","TB9","15","248","X0915","","",
"DC","TB9","16","131","X0916","","",
"DC","TB9","17","249","X0917","","",
"DC","TB9","18","179","X0918","","",
"DC","TB9","19","180","X0919","","",
"DC","TB9","19","LTEST12N","X0819","","",
"DC","TB9","3","242","X0903","","",
"DC","TB9","5","243","X0905","","",
"DC","TB9","7","244","X0907","","",
"DC","TB9","9","LTEST12P","X0909","","",
"DC","XPC1","23","128","XPC123","","",
"DC","XPC1","27","149","XPC127","","",
"DC","XPC1","30","167","XPC130","","",
"DC","ZPC1-19","A","236","ZPC1-19","8.2","",
"DC","ZPC1-19","K","0","ZPC1-19","8.2","",
"DC","ZPC1-20","A","238","ZPC1-20","8.2","",
"DC","ZPC1-20","K","0","ZPC1-20","8.2","",
"DC","ZPC1-21","A","260","ZPC1-21","8.2","",
"DC","ZPC1-21","K","0","ZPC1-21","8.2","",
"ITB","R401-01-01","1-4","105","R401-01-01","0.01","*DC",
"ITB","R401-01-01","6-4","154","R401-01-01","0.01","*SCR1",
"ITB","R401-01-02","1-3","104","R401-01-02","0.01","*DC",
"ITB","R401-01-02","6-3","249","R401-01-02","0.01","*SCR1",
"ITB","R401-01-03","2-4","122","R401-01-03","0.01","*DC",
"ITB","R401-01-03","6-4","154","R401-01-03","0.01","*SCR2",
"ITB","R401-01-04","2-3","121","R401-01-04","0.01","*DC",
"ITB","R401-01-04","6-3","249","R401-01-04","0.01","*SCR2",
"ITB","R401-01-05","3-4","141","R401-01-05","0.01","*DC",
"ITB","R401-01-05","6-4","154","R401-01-05","0.01","*SCR3",
"ITB","R401-01-06","3-3","140","R401-01-06","0.01","*DC",
"ITB","R401-01-06","6-3","249","R401-01-06","0.01","*SCR3",
"ITB","R401-01-07","4-4","162","R401-01-07","0.01","*DC",
"ITB","R401-01-07","6-4","154","R401-01-07","0.01","*SCR4",
"ITB","R401-01-08","4-3","161","R401-01-08","0.01","*DC",
"ITB","R401-01-08","6-3","249","R401-01-08","0.01","*SCR4",
"ITB","R401-01-09","1-15","SCR1-01","R401-01-09","0.01","*DC",
"ITB","R401-01-09","6-15","131","R401-01-09","0.01","*SCR1",
"ITB","R401-01-10","1-16","SCR1-02","R401-01-10","0.01","*DC",
"ITB","R401-01-10","6-16","0","R401-01-10","0.01","*SCR1",
"ITB","R401-01-11","2-15","132","R401-01-11","0.01","*DC",
"ITB","R401-01-11","6-15","131","R401-01-11","0.01","*SCR2",
"ITB","R401-01-12","2-16","n.c.","R401-01-12","0.01","*DC",
"ITB","R401-01-12","6-16","0","R401-01-12","0.01","*SCR2",
"ITB","R401-01-13","3-15","135","R401-01-13","0.01","*DC",
"ITB","R401-01-13","6-15","131","R401-01-13","0.01","*SCR3",
"ITB","R401-01-14","3-16","n.c.","R401-01-14","0.01","*DC",
"ITB","R401-01-14","6-16","0","R401-01-14","0.01","*SCR3",
"ITB","R401-01-15","4-15","169","R401-01-15","0.01","*DC",
"ITB","R401-01-15","6-15","131","R401-01-15","0.01","*SCR4",
"ITB","R401-01-16","4-16","n.c.","R401-01-16","0.01","*DC",
"ITB","R401-01-16","6-16","0","R401-01-16","0.01","*SCR4",
"ITB","R402-01-01","1-2","102","R402-01-01","0.01","*DC",
"ITB","R402-01-01","6-2","235","R402-01-01","0.01","*SCR1",
"ITB","R402-01-02","1-5","106","R402-01-02","0.01","*DC",
"ITB","R402-01-02","6-5","250","R402-01-02","0.01","*SCR1",
"ITB","R402-01-03","4-5","250","R402-01-03","0.01","*SCR2",
"ITB","R402-01-03","4-5","250","R402-01-03","0.01","*SCR1",
"ITB","R402-01-04","4-6","251","R402-01-04","0.01","*SCR2",
"ITB","R402-01-04","4-6","302","R402-01-04","0.01","*SCR1",
"ITB","R402-01-05","1-1","101","R402-01-05","0.01","*DC",
"ITB","R402-01-05","6-1","153","R402-01-05","0.01","*SCR1",
"ITB","R402-01-06","1-20","116","R402-01-06","0.01","*DC",
"ITB","R402-01-06","6-20","0","R402-01-06","0.01","*SCR1",
"ITB","R402-01-07","1-6","107","R402-01-07","0.01","*DC",
"ITB","R402-01-07","6-6","125","R402-01-07","0.01","*SCR1",
"ITB","R402-01-08","2-2","119","R402-01-08","0.01","*DC",
"ITB","R402-01-08","6-2","235","R402-01-08","0.01","*SCR2",
"ITB","R402-01-09","2-5","123","R402-01-09","0.01","*DC",
"ITB","R402-01-09","6-5","306","R402-01-09","0.01","*SCR2",
"ITB","R402-01-10","2-1","118","R402-01-10","0.01","*DC",
"ITB","R402-01-10","6-1","153","R402-01-10","0.01","*SCR2",
"ITB","R402-01-11","2-20","212","R402-01-11","0.01","*DC",
"ITB","R402-01-11","6-20","0","R402-01-11","0.01","*SCR2",
"ITB","R402-01-12","2-6","124","R402-01-12","0.01","*DC",
"ITB","R402-01-12","6-6","125","R402-01-12","0.01","*SCR2",
"ITB","R402-02-01","3-2","139","R402-02-01","0.01","*DC",
"ITB","R402-02-01","6-2","235","R402-02-01","0.01","*SCR3",
"ITB","R402-02-02","3-5","142","R402-02-02","0.01","*DC",
"ITB","R402-02-02","6-5","312","R402-02-02","0.01","*SCR3",
"ITB","R402-02-03","3-1","137","R402-02-03","0.01","*DC",
"ITB","R402-02-03","6-1","153","R402-02-03","0.01","*SCR3",
"ITB","R402-02-04","3-20","136","R402-02-04","0.01","*DC",
"ITB","R402-02-04","6-20","0","R402-02-04","0.01","*SCR3",
"ITB","R402-02-05","3-6","143","R402-02-05","0.01","*DC",
"ITB","R402-02-05","6-6","122","R402-02-05","0.01","*SCR3",
"ITB","R402-02-06","4-2","160","R402-02-06","0.01","*DC",
"ITB","R402-02-06","6-2","235","R402-02-06","0.01","*SCR4",
"ITB","R402-02-07","4-5","163","R402-02-07","0.01","*DC",
"ITB","R402-02-07","6-5","197","R402-02-07","0.01","*SCR4",
"ITB","R402-02-08","4-5","197","R402-02-08","0.01","*SCR4",
"ITB","R402-02-08","4-5","291","R402-02-08","0.01","*SCR3",
"ITB","R402-02-09","4-6","288","R402-02-09","0.01","*SCR4",
"ITB","R402-02-09","4-6","290","R402-02-09","0.01","*SCR3",
"ITB","R402-02-10","4-1","158","R402-02-10","0.01","*DC",
"ITB","R402-02-10","6-1","153","R402-02-10","0.01","*SCR4",
"ITB","R402-02-11","4-20","157","R402-02-11","0.01","*DC",
"ITB","R402-02-11","6-20","0","R402-02-11","0.01","*SCR4",
"ITB","R402-02-12","4-6","164","R402-02-12","0.01","*DC",
"ITB","R402-02-12","6-6","125","R402-02-12","0.01","*SCR4",
"ITB","R402-03-01","2-11","128","R402-03-01","0.01","*DC",
"ITB","R402-03-01","6-11","282","R402-03-01","0.01","*SCR2",
"ITB","R402-03-02","4-21","275","R402-03-02","0.01","*SCR3",
"ITB","R402-03-02","4-24","282","R402-03-02","0.01","*SCR2",
"ITB","R402-03-03","4-23","280","R402-03-03","0.01","*SCR3",
"ITB","R402-03-03","4-26","284","R402-03-03","0.01","*SCR2",
"ITB","R402-03-04","2-12","129","R402-03-04","0.01","*DC",
"ITB","R402-03-04","6-12","283","R402-03-04","0.01","*SCR2",
"ITB","R402-03-05","4-22","276","R402-03-05","0.01","*SCR3",
"ITB","R402-03-05","4-25","283","R402-03-05","0.01","*SCR2",
"ITB","R402-03-06","2-13","130","R402-03-06","0.01","*DC",
"ITB","R402-03-06","6-13","130","R402-03-06","0.01","*SCR2",
"ITB","R402-03-07","2-14","239","R402-03-07","0.01","*DC",
"ITB","R402-03-07","6-14","128","R402-03-07","0.01","*SCR2",
"ITB","R402-03-08","4-4","173","R402-03-08","0.01","*SCR4",
"ITB","R402-03-08","4-4","268","R402-03-08","0.01","*SCR3",
"ITB","R402-03-09","4-2","173","R402-03-09","0.01","*SCR2",
"ITB","R402-03-09","4-2","260","R402-03-09","0.01","*SCR3",
"ITB","R402-03-10","3-11","149","R402-03-10","0.01","*DC",
"ITB","R402-03-10","6-11","319","R402-03-10","0.01","*SCR3",
"ITB","R402-03-11","3-12","150","R402-03-11","0.01","*DC",
"ITB","R402-03-11","6-12","317","R402-03-11","0.01","*SCR3",
"ITB","R402-03-12","3-13","151","R402-03-12","0.01","*DC",
"ITB","R402-03-12","6-13","130","R402-03-12","0.01","*SCR3",
"ITB","R402-03-13","3-14","154","R402-03-13","0.01","*DC",
"ITB","R402-03-13","6-14","128","R402-03-13","0.01","*SCR3",
"ITB","R402-03-14","4-11","167","R402-03-14","0.01","*DC",
"ITB","R402-03-14","6-11","267","R402-03-14","0.01","*SCR4",
"ITB","R402-03-15","4-12","168","R402-03-15","0.01","*DC",
"ITB","R402-03-15","6-12","268","R402-03-15","0.01","*SCR4",
"ITB","R402-03-16","4-13","151","R402-03-16","0.01","*DC",
"ITB","R402-03-16","6-13","130","R402-03-16","0.01","*SCR4",
"ITB","R402-03-17","4-14","154","R402-03-17","0.01","*DC",
"ITB","R402-03-17","6-14","128","R402-03-17","0.01","*SCR4",
"ITB","R402-03-18","4-18","267","R402-03-18","0.01","*SCR4",
"ITB","R402-03-18","4-24","277","R402-03-18","0.01","*SCR3",
"ITB","R402-03-19","4-19","268","R402-03-19","0.01","*SCR4",
"ITB","R402-03-19","4-25","278","R402-03-19","0.01","*SCR3",
"ITB","R402-03-20","4-20","284","R402-03-20","0.01","*SCR4",
"ITB","R402-03-20","4-26","283","R402-03-20","0.01","*SCR3",
"ITB","R402-04-01","1-7","108","R402-04-01","0.01","*DC",
"ITB","R402-04-01","6-7","2780","R402-04-01","0.01","*SCR1",
"ITB","R402-04-02","1-8","109","R402-04-02","0.01","*DC",
"ITB","R402-04-02","6-8","2650","R402-04-02","0.01","*SCR1",
"ITB","R402-04-03","3-7","144","R402-04-03","0.01","*DC",
"ITB","R402-04-03","6-7","272","R402-04-03","0.01","*SCR3",
"ITB","R402-04-04","3-8","145","R402-04-04","0.01","*DC",
"ITB","R402-04-04","6-8","273","R402-04-04","0.01","*SCR3",
"ITB","R402-04-05","4-7","272","R402-04-05","0.01","*SCR3",
"ITB","R402-04-05","4-9","409","R402-04-05","0.01","*SCR2",
"ITB","R402-04-06","4-109","409","R402-04-06","0.01","*SCR2",
"ITB","R402-04-06","4-9","2800","R402-04-06","0.01","*SCR1",
"ITB","R402-04-07","4-10","2810","R402-04-07","0.01","*SCR1",
"ITB","R402-04-07","4-110","410","R402-04-07","0.01","*SCR2",
"ITB","R402-04-08","2-7","125","R402-04-08","0.01","*DC",
"ITB","R402-04-08","6-7","307","R402-04-08","0.01","*SCR2",
"ITB","R402-04-09","2-8","126","R402-04-09","0.01","*DC",
"ITB","R402-04-09","6-8","300","R402-04-09","0.01","*SCR2",
"ITB","R402-04-10","2-7","165","R402-04-10","0.01","*DC",
"ITB","R402-04-10","6-7","255","R402-04-10","0.01","*SCR4",
"ITB","R402-04-11","2-8","166","R402-04-11","0.01","*DC",
"ITB","R402-04-11","6-8","256","R402-04-11","0.01","*SCR4",
"ITB","R402-04-12","4-7","252","R402-04-12","0.01","*SCR2",
"ITB","R402-04-12","4-7","264","R402-04-12","0.01","*SCR1",
"ITB","R402-04-13","4-11","271","R402-04-13","0.01","*SCR2",
"ITB","R402-04-13","4-11","282","R402-04-13","0.01","*SCR1",
"ITB","R402-04-14","4-3","173","R402-04-14","0.01","*SCR2",
"ITB","R402-04-14","4-3","267","R402-04-14","0.01","*SCR1",
"ITB","R402-04-15","4-12","435","R402-04-15","0.01","*SCR3",
"ITB","R402-04-15","4-9","255","R402-04-15","0.01","*SCR4",
"ITB","R402-04-16","4-10","256","R402-04-16","0.01","*SCR4",
"ITB","R402-04-16","4-13","436","R402-04-16","0.01","*SCR3",
"ITB","R402-04-17","4-115","435","R402-04-17","0.01","*SCR3",
"ITB","R402-04-17","4-15","275","R402-04-17","0.01","*SCR2",
"ITB","R402-04-18","4-116","436","R402-04-18","0.01","*SCR3",
"ITB","R402-04-18","4-16","276","R402-04-18","0.01","*SCR2",
"ITB","R402-04-19","4-14","474","R402-04-19","0.01","*SCR3",
"ITB","R402-04-19","4-17","277","R402-04-19","0.01","*SCR2",
"ITB","R402-04-20","4-11","259","R402-04-20","0.01","*SCR4",
"ITB","R402-04-20","4-110","474","R402-04-20","0.01","*SCR3",
"ITB","R402-04-21","4-8","253","R402-04-21","0.01","*SCR2",
"ITB","R402-04-21","4-8","301","R402-04-21","0.01","*SCR1",
"ITB","R402-04-22","4-12","272","R402-04-22","0.01","*SCR2",
"ITB","R402-04-22","4-9","274","R402-04-22","0.01","*SCR3",
"ITB","R402-04-23","4-10","470","R402-04-23","0.01","*SCR3",
"ITB","R402-04-23","4-13","273","R402-04-23","0.01","*SCR2",
"ITB","R402-04-24","4-107","470","R402-04-24","0.01","*SCR3",
"ITB","R402-04-24","4-7","252","R402-04-24","0.01","*SCR4",
"ITB","R402-04-25","4-14","274","R402-04-25","0.01","*SCR2",
"ITB","R402-04-25","4-140","434","R402-04-25","0.01","*SCR3",
"ITB","R402-04-26","4-17","477","R402-04-26","0.01","*SCR3",
"ITB","R402-04-26","4-20","280","R402-04-26","0.01","*SCR2",
"ITB","R402-04-27","4-114","477","R402-04-27","0.01","*SCR3",
"ITB","R402-04-27","4-14","263","R402-04-27","0.01","*SCR4",
"ITB","R402-04-28","4-16","265","R402-04-28","0.01","*SCR4",
"ITB","R402-04-28","4-19","442","R402-04-28","0.01","*SCR3",
"ITB","R402-04-29","4-122","442","R402-04-29","0.01","*SCR3",
"ITB","R402-04-29","4-22","326","R402-04-29","0.01","*SCR2",
"ITB","R402-04-30","4-18","478","R402-04-30","0.01","*SCR3",
"ITB","R402-04-30","4-21","281","R402-04-30","0.01","*SCR2",
"ITB","R402-04-31","4-115","478","R402-04-31","0.01","*SCR3",
"ITB","R402-04-31","4-15","264","R402-04-31","0.01","*SCR4",
"ITB","R402-04-32","4-17","266","R402-04-32","0.01","*SCR4",
"ITB","R402-04-32","4-20","443","R402-04-32","0.01","*SCR3",
"ITB","R402-04-33","4-123","443","R402-04-33","0.01","*SCR3",
"ITB","R402-04-33","4-23","322","R402-04-33","0.01","*SCR2",
"ITB","R402-04-36","4-10","410","R402-04-36","0.01","*SCR2",
"ITB","R402-04-36","4-8","273","R402-04-36","0.01","*SCR3",
"ITB","R402-04-37","4-11","434","R402-04-37","0.01","*SCR3",
"ITB","R402-04-37","4-8","253","R402-04-37","0.01","*SCR4",
"ITB","R402-04-38","4-30","153","R402-04-38","0.01","*SCR3",
"ITB","R402-04-38","4-30","286","R402-04-38","0.01","*SCR2",
"ITB","R402-05-01","4-12","304","R402-05-01","0.01","*SCR1",
"ITB","R402-05-01","4-18","302","R402-05-01","0.01","*SCR2",
"ITB","R402-05-02","4-16","5436","R402-05-02","0.01","*SCR3",
"ITB","R402-05-02","4-19","321","R402-05-02","0.01","*SCR2",
"ITB","R402-05-03","4-15","315","R402-05-03","0.01","*SCR3",
"ITB","R402-05-03","4-180","302","R402-05-03","0.01","*SCR2",
"ITB","R402-05-04","4-116","5436","R402-05-04","0.01","*SCR2",
"ITB","R402-05-04","4-13","262","R402-05-04","0.01","*SCR4",
"ITB","R402-05-05","4-115","5435","R402-05-05","0.01","*SCR3",
"ITB","R402-05-05","4-12","258","R402-05-05","0.01","*SCR4",
"ITB","R402-05-06","4-15","5435","R402-05-06","0.01","*SCR3",
"ITB","R402-05-06","4-18","302","R402-05-06","0.01","*SCR2",
"ITB","R402-05-07","1-9","110","R402-05-07","0.01","*DC",
"ITB","R402-05-07","6-9","117","R402-05-07","0.01","*SCR1",
"ITB","R402-05-08","1-10","112","R402-05-08","0.01","*DC",
"ITB","R402-05-08","6-10","114","R402-05-08","0.01","*SCR1",
"ITB","R402-05-09","2-9","110","R402-05-09","0.01","*DC",
"ITB","R402-05-09","6-9","117","R402-05-09","0.01","*SCR2",
"ITB","R402-05-10","2-10","112","R402-05-10","0.01","*DC",
"ITB","R402-05-10","6-10","114","R402-05-10","0.01","*SCR2",
"ITB","R402-05-11","3-9","146","R402-05-11","0.01","*DC",
"ITB","R402-05-11","6-9","117","R402-05-11","0.01","*SCR3",
"ITB","R402-05-12","3-10","112","R402-05-12","0.01","*DC",
"ITB","R402-05-12","6-10","114","R402-05-12","0.01","*SCR3",
"ITB","R402-05-13","4-9","146","R402-05-13","0.01","*DC",
"ITB","R402-05-13","6-9","117","R402-05-13","0.01","*SCR4",
"ITB","R402-05-14","4-10","112","R402-05-14","0.01","*DC",
"ITB","R402-05-14","6-10","114","R402-05-14","0.01","*SCR4",
"ITB","R405-01-01","5-2","174","R405-01-01","0.01","*DC",
"ITB","R405-01-01","6-2","502","R405-01-01","0.01","*MCC",
"ITB","R405-01-02","5-16","189","R405-01-02","0.01","*DC",
"ITB","R405-01-02","6-16","16","R405-01-02","0.01","*MCC",
"ITB","R405-01-03","14-3","293","R405-01-03","0.01","*SCR2",
"ITB","R405-01-03","2-3","101","R405-01-03","0.01","*MCC",
"ITB","R405-01-04","14-4","294","R405-01-04","0.01","*SCR2",
"ITB","R405-01-04","2-4","12","R405-01-04","0.01","*MCC",
"ITB","R405-01-05","5-18","191","R405-01-05","0.01","*DC",
"ITB","R405-01-05","6-18","18","R405-01-05","0.01","*MCC",
"ITB","R405-01-06","5-6","179","R405-01-06","0.01","*DC",
"ITB","R405-01-06","6-6","18","R405-01-06","0.01","*MCC",
"ITB","R405-01-07","5-1","172","R405-01-07","0.01","*DC",
"ITB","R405-01-07","6-1","12","R405-01-07","0.01","*MCC",
"ITB","R405-01-08","5-3","246","R405-01-08","10000","*DC",
"ITB","R405-01-08","6-3","12","R405-01-08","10000","*MCC",
"ITB","R405-01-09","5-4","247","R405-01-09","10000","*DC",
"ITB","R405-01-09","6-4","12","R405-01-09","10000","*MCC",
"ITB","R405-01-10","5-5","248","R405-01-10","10000","*DC",
"ITB","R405-01-10","6-5","12","R405-01-10","10000","*MCC",
"ITB","R405-01-11","4-17","131","R405-01-11","10000","*DC",
"ITB","R405-01-11","6-17","12","R405-01-11","10000","*SCR4",
"ITB","R405-01-12","5-7","249","R405-01-12","10000","*DC",
"ITB","R405-01-12","6-7","12","R405-01-12","10000","*MCC",
"ITB","R405-02-01","5-17","190","R405-02-01","0.01","*DC",
"ITB","R405-02-01","6-17","17","R405-02-01","0.01","*MCC",
"ITB","R405-02-02","14-5","252","R405-02-02","0.01","*SCR3",
"ITB","R405-02-02","3-5","102","R405-02-02","0.01","*MCC",
"ITB","R405-02-03","14-6","253","R405-02-03","0.01","*SCR3",
"ITB","R405-02-03","3-6","12","R405-02-03","0.01","*MCC",
"ITB","R405-02-04","5-19","192","R405-02-04","0.01","*DC",
"ITB","R405-02-04","6-19","19","R405-02-04","0.01","*MCC",
"ITB","R405-02-05","5-7","180","R405-02-05","0.01","*DC",
"ITB","R405-02-05","6-7","19","R405-02-05","0.01","*MCC",
"ITB","R405-03-01","5-15","188","R405-03-01","0.01","*DC",
"ITB","R405-03-01","6-15","15","R405-03-01","0.01","*MCC",
"ITB","R405-03-02","14-1","250","R405-03-02","0.01","*SCR3",
"ITB","R405-03-02","3-1","103","R405-03-02","0.01","*MCC",
"ITB","R405-03-03","14-3","251","R405-03-03","0.01","*SCR3",
"ITB","R405-03-03","3-3","12","R405-03-03","0.01","*MCC",
"ITB","R405-04-01","5-14","187","R405-04-01","0.01","*DC",
"ITB","R405-04-01","6-14","14","R405-04-01","0.01","*MCC",
"ITB","R405-04-04","14-1","291","R405-04-04","0.01","*SCR2",
"ITB","R405-04-04","2-1","105","R405-04-04","0.01","*MCC",
"ITB","R405-04-05","14-2","292","R405-04-05","0.01","*SCR2",
"ITB","R405-04-05","2-2","12","R405-04-05","0.01","*MCC",
"ITB","R405-04-06","14-2","260","R405-04-06","0.01","*SCR4",
"ITB","R405-04-06","4-2","105","R405-04-06","0.01","*MCC",
"ITB","R405-04-07","14-3","261","R405-04-07","0.01","*SCR4",
"ITB","R405-04-07","2-3","12","R405-04-07","0.01","*MCC",
"MCC","AUX","1","502","VAUX-12","-12","-12VDC",
"MCC","AUX","13","12","VAUX+13","12","+12V",
"MCC","RLDWAB","A","14","RLDWAB","472","",
"MCC","RLDWAB","B","12","RLDWAB","472","",
"MCC","RLDWAF","4","14","SRLDWAF-7","1","",
"MCC","RLDWAF","7","104","SRLDWAF-7","1","",
"MCC","RLDWAF","A","14","RLDWAF","472","",
"MCC","RLDWAF","B","12","RLDWAF","472","",
"MCC","RLDWBB","A","14","RLDWBB","472","",
"MCC","RLDWBB","B","12","RLDWBB","472","",
"MCC","RLDWBF","4","104","SRLDWBF-7","1","",
"MCC","RLDWBF","7","105","SRLDWBF-7","1","",
"MCC","RLDWBF","A","14","RLDWBF","472","",
"MCC","RLDWBF","B","12","RLDWBF","472","",
"MCC","RLM1B","A","16","RLM1B","472","",
"MCC","RLM1B","B","12","RLM1B","472","",
"MCC","RLM1F","4","16","SRLM1F-7","1","",
"MCC","RLM1F","7","101","SRLM1F-7","1","",
"MCC","RLM1F","A","16","RLM1F","472","",
"MCC","RLM1F","B","12","RLM1F","472","",
"MCC","RLM2B","A","17","RLM2B","472","",
"MCC","RLM2B","B","12","RLM2B","472","",
"MCC","RLM2F","4","17","SRLM2F-7","1","",
"MCC","RLM2F","7","102","SRLM2F-7","1","",
"MCC","RLM2F","A","17","RLM2F","472","",
"MCC","RLM2F","B","12","RLM2F","472","",
"MCC","RLRTB","A","15","RLRTB","472","",
"MCC","RLRTB","B","12","RLRTB","472","",
"MCC","RLRTF","4","15","SRLRTF-7","1","",
"MCC","RLRTF","7","103","SRLRTF-7","1","",
"MCC","RLRTF","A","15","RLRTF","472","",
"MCC","RLRTF","B","12","RLRTF","472","",
"SCR1","ACC","115","229","VAC-115","115","115V",
"SCR1","BLW","1","B11","RBLW-1","1000","",
"SCR1","BLW","2","0","RBLW-1","1000","",
"SCR1","BLW","3","B12","RBLW-2","1000","",
"SCR1","BLW","4","0","RBLW-2","1000","",
"SCR1","BLW","5","B13","RBLW-3","1000","",
"SCR1","BLW","6","0","RBLW-3","1000","",
"SCR1","C1","1","230","SC1-1","1","",
"SCR1","C1","2","B01","SC1-1","1","",
"SCR1","C1","3","230","SC1-3","1","",
"SCR1","C1","4","B02","SC1-3","1","",
"SCR1","C1","5","230","SC1-5","1","",
"SCR1","C1","6","B03","SC1-5","1","",
"SCR1","C1","A","225","RC1","1000","",
"SCR1","C1","B","0","RC1","1000","",
"SCR1","CB","1","230","SCB-2","1","",
"SCR1","CB","2","229","SCB-2","1","",
"SCR1","CB","4","235","SCB-5","1","",
"SCR1","CB","5","134","SCB-5","1","",
"SCR1","CB","U10","179","RCB","1000","",
"SCR1","CB","U8","244","RCB","1000","",
"SCR1","D135","A","135","D135","0","",
"SCR1","D135","K","135A","D135","0","",
"SCR1","DCM","101","101","XDCM-101","","VFB-",
"SCR1","DCM","102","102","XDCM-102","","VFB+",
"SCR1","DCM","114","114","XDCM-114","0","DW REF",
"SCR1","DCM","116","116","XDCM-116","0","DW CONT",
"SCR1","DCM","117","117","XDCM-117","0","DW REF",
"SCR1","DCM","124","124","XDCM-124","0","MP1 CONT",
"SCR1","DCM","125","125","XDCM-125","0","MP1 REF",
"SCR1","DCM","131","131","XDCM-131","","IFB",
"SCR1","DCM","134","134","XDCM-134","-14","-14V CONT",
"SCR1","DCM","135","135","XDCM-135","-14","BRAKE",
"SCR1","DCM","153","153","VDCM-153","14","+14V",
"SCR1","DCM","154","154","VDCM-154","-14","-14V",
"SCR1","DCM","155","0","XDCM-155","0","0V",
"SCR1","DPC1-13","A","153","DPC1-13","0","",
"SCR1","DPC1-13","K","179","DPC1-13","0","",
"SCR1","DPC3-1","A","2651","DPC3-1","0","",
"SCR1","DPC3-1","K","2810","DPC3-1","0","",
"SCR1","DPC3-10","A","2730","DPC3-10","0","",
"SCR1","DPC3-10","K","2780","DPC3-10","0","",
"SCR1","DPC3-2","A","2651","DPC3-2","0","",
"SCR1","DPC3-2","K","2650","DPC3-2","0","",
"SCR1","DPC3-6","A","173","DPC3-6","0","",
"SCR1","DPC3-6","K","277","DPC3-6","0","",
"SCR1","DPC3-7","A","267","DPC3-7","0","",
"SCR1","DPC3-7","K","277","DPC3-7","0","",
"SCR1","DPC3-9","A","2730","DPC3-9","0","",
"SCR1","DPC3-9","K","2800","DPC3-9","0","",
"SCR1","FS1","1","238","SF1","0","",
"SCR1","FS1","2","239","SF1","0","",
"SCR1","FS2","1","239","SF2","0","",
"SCR1","FS2","2","240","SF2","0","",
"SCR1","FS3","1","240","SF3","0","",
"SCR1","FS3","2","241","SF3","0","",
"SCR1","FS4","1","244","SF4","0","",
"SCR1","FS4","2","245","SF4","0","",
"SCR1","FS5","1","245","SF5","0","",
"SCR1","FS5","2","246","SF5","0","",
"SCR1","FS6","1","246","SF6","0","",
"SCR1","FS6","2","238","SF6","0","",
"SCR1","K1","1","135A","SK1-1","1","",
"SCR1","K1","2","304","SK1-1","1","",
"SCR1","K1","3","288","SK1-3","1","",
"SCR1","K1","4","116","SK1-3","1","",
"SCR1","K1","7","302","SK1-7","0","",
"SCR1","K1","8","295","SK1-7","0","",
"SCR1","K1","[+]","173","RK1","76","",
"SCR1","K1","[-]","296","RK1","76","",
"SCR1","K2","3","294","SK2-3","1","",
"SCR1","K2","4","124","SK2-3","1","",
"SCR1","K2","7","301","SK2-7","0","",
"SCR1","K2","8","296","SK2-7","0","",
"SCR1","K2","[+]","173","RK2","76","",
"SCR1","K2","[-]","295","RK2","76","",
"SCR1","K5","A","2780","SK5-A","1","",
"SCR1","K5","B","264","SK5-A","1","",
"SCR1","K5","C","2650","SK5-C","1","",
"SCR1","K5","D","264","SK5-C","1","",
"SCR1","K5","E","2800","SK5-E","1","",
"SCR1","K5","F","282","SK5-E","1","",
"SCR1","K5","G","2810","SK5-G","1","",
"SCR1","K5","H","282","SK5-G","1","",
"SCR1","K5B","[+]","277","RK5B","76","",
"SCR1","K5B","[-]","2730","RK5B","76","",
"SCR1","K5T","[+]","277","RK5T","76","",
"SCR1","K5T","[-]","276","RK5T","76","",
"SCR1","K6","3","296","SK6-3","1","",
"SCR1","K6","4","288","SK6-3","1","",
"SCR1","K6","[+]","173","RK6","76","",
"SCR1","K6","[-]","296","RK6","76","",
"SCR1","K7","3","295","SK7-3","1","",
"SCR1","K7","4","294","SK7-3","1","",
"SCR1","K7","[+]","173","RK7","76","",
"SCR1","K7","[-]","295","RK7","76","",
"SCR1","L1","1","230","L1","28","",
"SCR1","L1","2","0","L1","28","",
"SCR1","M1","[+]","102","RM1","50","",
"SCR1","M1","[-]","181","RM1","50","",
"SCR1","M2","[+]","166","RM2","50","",
"SCR1","M2","[-]","0","RM2","50","",
"SCR1","OL1","1","B01","ROL1-1","2","",
"SCR1","OL1","13","230","SOL1-13","0","",
"SCR1","OL1","14","225","SOL1-13","0","",
"SCR1","OL1","2","B11","ROL1-1","2","",
"SCR1","OL1","3","B02","ROL1-3","2","",
"SCR1","OL1","4","B12","ROL1-3","2","",
"SCR1","OL1","5","B03","ROL1-5","2","",
"SCR1","OL1","6","B13","ROL1-5","2","",
"SCR1","PC1","13","173","VPC1-13","60","+60V",
"SCR1","PC1","14","154","XPC1-14","","",
"SCR1","PC1","15","154","XPC1-15","","",
"SCR1","PC1","19","179","XPC1-19","","",
"SCR1","PC1","20","244","XPC1-20","","",
"SCR1","PC1","36","153","XPC1-36","","",
"SCR1","PC1","5","131","XPC1-05","","",
"SCR1","PC1","6","166","XPC1-06","","",
"SCR1","PC1","7","131","XPC1-07","","",
"SCR1","PC3","1","2810","XPC301","","",
"SCR1","PC3","10","2780","XPC310","","",
"SCR1","PC3","13","2730","XPC313","","",
"SCR1","PC3","2","2650","XPC302","","",
"SCR1","PC3","5","2651","XPC305","","",
"SCR1","PC3","6","173","XPC306","","",
"SCR1","PC3","7","267","XPC307","","",
"SCR1","PC3","8","277","XPC308","","",
"SCR1","PC3","9","2800","XPC309","","",
"SCR1","RIFB1","1","IFB01","RIFB1","1000","",
"SCR1","RIFB1","2","131","RIFB1","1000","",
"SCR1","RIFB2","1","131","RIFB2","2.67","",
"SCR1","RIFB2","2","0","RIFB2","2.67","",
"SCR1","RIFB3","1","131","RIFB3","5000","",
"SCR1","RIFB3","2","166","RIFB3","5000","",
"SCR1","RVFB1","1","157","RVFB1","35100","",
"SCR1","RVFB1","2","102","RVFB1","35100","",
"SCR1","RVFB2","1","159","RVFB2","35100","",
"SCR1","RVFB2","2","101","RVFB2","35100","",
"SCR1","RVFB3","1","102","RVFB3","2700","",
"SCR1","RVFB3","2","0","RVFB3","2700","",
"SCR1","RVFB4","1","101","RVFB4","2700","",
"SCR1","RVFB4","2","0","RVFB4","2700","",
"SCR1","RVFB5","1","181","RVFB5","68000","",
"SCR1","RVFB5","2","101","RVFB5","68000","",
"SCR1","RX01","1","0","RX01","10000","",
"SCR1","RX01","2","2810","RX01","10000","",
"SCR1","RX02","1","0","RX02","10000","",
"SCR1","RX02","2","2650","RX02","10000","",
"SCR1","RX03","1","0","RX03","10000","",
"SCR1","RX03","2","2800","RX03","10000","",
"SCR1","RX04","1","0","RX04","10000","",
"SCR1","RX04","2","2780","RX04","10000","",
"SCR1","RX1","1","2651","SRX1-7C","0","",
"SCR1","RX1","7C","276","SRX1-7C","0","",
"SCR1","SCR","1","157","VSCR+","0","BR+",
"SCR1","SCR","1","159","VSCR-","0","BR-",
"SCR1","SCR","1","IFB01","VSCRI","0","AMPS",
"SCR1","TB21","1","244","X2101","","",
"SCR1","TB21","2","238","X2102","","",
"SCR1","TB21","3","249","X2103","","",
"SCR1","TB21","4","243","X2104","","",
"SCR1","TB26","1","238","X2601","","",
"SCR1","TB26","2","241","X2602","","",
"SCR1","TB26","3","241","X2603","","",
"SCR1","TB26","4","243","X2604","","",
"SCR1","TEST","1","154","STEST","0","",
"SCR1","TEST","2","134","STEST","0","",
"SCR1","TS1","1","249","ST1-1","0","",
"SCR1","TS1","2","243","ST1-1","0","",
"SCR1","TS2","1","243","ST2-1","0","",
"SCR1","TS2","2","241","ST2-1","0","",
"SCR2","ACC","115","229","VAC-115","115","115V",
"SCR2","BLW","1","B11","RBLW-1","1000","",
"SCR2","BLW","2","0","RBLW-1","1000","",
"SCR2","BLW","3","B12","RBLW-2","1000","",
"SCR2","BLW","4","0","RBLW-2","1000","",
"SCR2","BLW","5","B13","RBLW-3","1000","",
"SCR2","BLW","6","0","RBLW-3","1000","",
"SCR2","C1","1","230","SC1-1","1","",
"SCR2","C1","2","B01","SC1-1","1","",
"SCR2","C1","3","230","SC1-3","1","",
"SCR2","C1","4","B02","SC1-3","1","",
"SCR2","C1","5","230","SC1-5","1","",
"SCR2","C1","6","B03","SC1-5","1","",
"SCR2","C1","A","225","RC1","1000","",
"SCR2","C1","B","0","RC1","1000","",
"SCR2","CB","1","230","SCB-2","1","",
"SCR2","CB","2","229","SCB-2","1","",
"SCR2","CB","4","235","SCB-5","1","",
"SCR2","CB","5","134","SCB-5","1","",
"SCR2","CB","U10","179","RCB","1000","",
"SCR2","CB","U8","244","RCB","1000","",
"SCR2","D02","A","153","D02","0","",
"SCR2","D02","A","286","D02","0","",
"SCR2","D02","K","295","D02","0","",
"SCR2","D02","K","295","D02","0","",
"SCR2","D03","A","138","D03","0","",
"SCR2","D03","K","307","D03","0","",
"SCR2","D04","A","302","D04","0","",
"SCR2","D04","K","135","D04","0","",
"SCR2","D05","A","325","D05","0","",
"SCR2","D05","K","299","D05","0","",
"SCR2","D06","A","315","D06","0","",
"SCR2","D06","K","300","D06","0","",
"SCR2","D07","A","317","D07","0","",
"SCR2","D07","K","276","D07","0","",
"SCR2","D109","A","109","D109","0","",
"SCR2","D109","K","109A","D109","0","",
"SCR2","DCM","101","101","XDCM-101","","VFB-",
"SCR2","DCM","102","102","XDCM-102","","VFB+",
"SCR2","DCM","109","109","XDCM-109","-14","REGEN",
"SCR2","DCM","114","114","XDCM-114","0","DW REF",
"SCR2","DCM","116","116","XDCM-116","0","DW CONT",
"SCR2","DCM","117","117","XDCM-117","0","DW REF",
"SCR2","DCM","124","124","XDCM-124","0","MP1 CONT",
"SCR2","DCM","125","125","XDCM-125","0","MP1 REF",
"SCR2","DCM","128","128","XDCM-128","0","RT ILIM",
"SCR2","DCM","129","129","XDCM-129","0","RT CONT",
"SCR2","DCM","130","130","XDCM-130","0","RT REF",
"SCR2","DCM","131","131","XDCM-131","","IFB",
"SCR2","DCM","134","134","XDCM-134","-14","-14V CONT",
"SCR2","DCM","135","135","XDCM-135","0","BRAKE",
"SCR2","DCM","138","138","XDCM-138","0","BRAKE",
"SCR2","DCM","153","153","VDCM-153","14","+14V",
"SCR2","DCM","154","154","VDCM-154","-14","-14V",
"SCR2","DCM","155","0","XDCM-155","0","0V",
"SCR2","DPC1-13","A","153","DPC1-13","0","",
"SCR2","DPC1-13","K","179","DPC1-13","0","",
"SCR2","DPC3-1","A","280","DPC3-1","0","",
"SCR2","DPC3-1","K","320","DPC3-1","0","",
"SCR2","DPC3-10","A","281","DPC3-10","0","",
"SCR2","DPC3-10","K","317","DPC3-10","0","",
"SCR2","DPC3-2","A","280","DPC3-2","0","",
"SCR2","DPC3-2","K","319","DPC3-2","0","",
"SCR2","DPC3-3","A","280","DPC3-3","0","",
"SCR2","DPC3-3","K","357","DPC3-3","0","",
"SCR2","DPC3-4","A","280","DPC3-4","0","",
"SCR2","DPC3-4","K","258","DPC3-4","0","",
"SCR2","DPC3-6","A","173","DPC3-6","0","",
"SCR2","DPC3-6","K","314","DPC3-6","0","",
"SCR2","DPC3-7","A","268","DPC3-7","0","",
"SCR2","DPC3-7","K","314","DPC3-7","0","",
"SCR2","DPC3-9","A","281","DPC3-9","0","",
"SCR2","DPC3-9","K","315","DPC3-9","0","",
"SCR2","DRL6A","A","RL6A01","DRL6A","0","",
"SCR2","DRL6A","K","302","DRL6A","0","",
"SCR2","DRL6B","A","RL6B01","DRL6B","0","",
"SCR2","DRL6B","K","302","DRL6B","0","",
"SCR2","FS1","1","238","SF1","0","",
"SCR2","FS1","2","239","SF1","0","",
"SCR2","FS2","1","239","SF2","0","",
"SCR2","FS2","2","240","SF2","0","",
"SCR2","FS3","1","240","SF3","0","",
"SCR2","FS3","2","241","SF3","0","",
"SCR2","FS4","1","244","SF4","0","",
"SCR2","FS4","2","245","SF4","0","",
"SCR2","FS5","1","245","SF5","0","",
"SCR2","FS5","2","246","SF5","0","",
"SCR2","FS6","1","246","SF6","0","",
"SCR2","FS6","2","238","SF6","0","",
"SCR2","K1","1","321","SK1-1","1","",
"SCR2","K1","2","109A","SK1-1","1","",
"SCR2","K1","3","330","SK1-3","1","",
"SCR2","K1","4","333","SK1-3","1","",
"SCR2","K1","5","326","SK1-5","0","",
"SCR2","K1","6","325","SK1-5","0","",
"SCR2","K1","7","364","SK1-7","0","",
"SCR2","K1","8","343","SK1-7","0","",
"SCR2","K1","[+]","173","RK1","76","",
"SCR2","K1","[-]","330","RK1","76","",
"SCR2","K2","3","339","SK2-3","1","",
"SCR2","K2","4","124","SK2-3","1","",
"SCR2","K2","7","274","SK2-7","0","",
"SCR2","K2","8","328","SK2-7","0","",
"SCR2","K2","[+]","173","RK2","76","",
"SCR2","K2","[-]","342","RK2","76","",
"SCR2","K3","3","335","SK3-3","1","",
"SCR2","K3","4","336","SK3-3","1","",
"SCR2","K3","7","343","SK3-7","0","",
"SCR2","K3","8","342","SK3-7","0","",
"SCR2","K3","[+]","173","RK3","76","",
"SCR2","K3","[-]","335","RK3","76","",
"SCR2","K4","3","336","SK4-3","1","",
"SCR2","K4","4","129","SK4-3","1","",
"SCR2","K4","7","328","SK4-7","0","",
"SCR2","K4","8","330","SK4-7","0","",
"SCR2","K4","[+]","173","RK4","76","",
"SCR2","K4","[-]","335","RK4","76","",
"SCR2","K5","A","315","SK5-A","1","",
"SCR2","K5","B","273","SK5-A","1","",
"SCR2","K5","C","320","SK5-C","1","",
"SCR2","K5","D","273","SK5-C","1","",
"SCR2","K5","E","317","SK5-E","1","",
"SCR2","K5","F","277","SK5-E","1","",
"SCR2","K5","G","319","SK5-G","1","",
"SCR2","K5","H","277","SK5-G","1","",
"SCR2","K5","J","302","SK5-J","1","",
"SCR2","K5","K","321","SK5-J","1","",
"SCR2","K5","L","252","SK5-L","1","",
"SCR2","K5","M","313","SK5-L","1","",
"SCR2","K5","N","281","SK5-N","1","",
"SCR2","K5","P","324","SK5-N","1","",
"SCR2","K5","Q","280","SK5-Q","1","",
"SCR2","K5","R","299","SK5-Q","1","",
"SCR2","K5B","[+]","314","RK5B","76","",
"SCR2","K5B","[-]","324","RK5B","76","",
"SCR2","K5T","[+]","314","RK5T","76","",
"SCR2","K5T","[-]","325","RK5T","76","",
"SCR2","K6","3","333","SK6-3","1","",
"SCR2","K6","4","116","SK6-3","1","",
"SCR2","K6","5","322","SK6-5","0","",
"SCR2","K6","6","324","SK6-5","0","",
"SCR2","K6","7","284","SK6-7","0","",
"SCR2","K6","8","341","SK6-7","0","",
"SCR2","K6","[+]","173","RK6","76","",
"SCR2","K6","[-]","330","RK6","76","",
"SCR2","K7","3","342","SK7-3","1","",
"SCR2","K7","4","339","SK7-3","1","",
"SCR2","K7","7","341","SK7-7","0","",
"SCR2","K7","8","335","SK7-7","0","",
"SCR2","K7","[+]","173","RK7","76","",
"SCR2","K7","[-]","342","RK7","76","",
"SCR2","L1","1","230","L1","28","",
"SCR2","L1","2","0","L1","28","",
"SCR2","M1","[+]","102","RM1","50","",
"SCR2","M1","[-]","181","RM1","50","",
"SCR2","M2","[+]","166","RM2","50","",
"SCR2","M2","[-]","0","RM2","50","",
"SCR2","OL1","1","B01","ROL1-1","2","",
"SCR2","OL1","13","230","SOL1-13","0","",
"SCR2","OL1","14","225","SOL1-13","0","",
"SCR2","OL1","2","B11","ROL1-1","2","",
"SCR2","OL1","3","B02","ROL1-3","2","",
"SCR2","OL1","4","B12","ROL1-3","2","",
"SCR2","OL1","5","B03","ROL1-5","2","",
"SCR2","OL1","6","B13","ROL1-5","2","",
"SCR2","PC1","13","173","VPC1-13","60","+60V",
"SCR2","PC1","14","154","XPC1-14","","",
"SCR2","PC1","15","154","XPC1-15","","",
"SCR2","PC1","19","179","XPC1-19","","",
"SCR2","PC1","20","244","XPC1-20","","",
"SCR2","PC1","36","153","XPC1-36","","",
"SCR2","PC1","5","131","XPC1-05","","",
"SCR2","PC1","6","166","XPC1-06","","",
"SCR2","PC1","7","131","XPC1-07","","",
"SCR2","PC3","1","320","XPC301","","",
"SCR2","PC3","10","317","XPC310","","",
"SCR2","PC3","13","281","XPC313","","",
"SCR2","PC3","2","319","XPC302","","",
"SCR2","PC3","3","357","XPC303","","",
"SCR2","PC3","4","258","XPC304","","",
"SCR2","PC3","5","280","XPC305","","",
"SCR2","PC3","6","173","XPC306","","",
"SCR2","PC3","7","268","XPC307","","",
"SCR2","PC3","8","314","XPC308","","",
"SCR2","PC3","9","315","XPC309","","",
"SCR2","RIFB1","1","IFB01","RIFB1","1000","",
"SCR2","RIFB1","2","131","RIFB1","1000","",
"SCR2","RIFB2","1","131","RIFB2","2.67","",
"SCR2","RIFB2","2","0","RIFB2","2.67","",
"SCR2","RIFB3","1","131","RIFB3","5000","",
"SCR2","RIFB3","2","166","RIFB3","5000","",
"SCR2","RL1","4","253","SRL1-7","1","",
"SCR2","RL1","5","272","SRL1-8","1","",
"SCR2","RL1","7","313","SRL1-7","1","",
"SCR2","RL1","8","327","SRL1-8","1","",
"SCR2","RL1","A","291","RL1","472","",
"SCR2","RL1","B","292","RL1","472","",
"SCR2","RL4","4","250","SRL4-7","1","",
"SCR2","RL4","5","306","SRL4-8","1","",
"SCR2","RL4","7","251","SRL4-7","1","",
"SCR2","RL4","8","364","SRL4-8","1","",
"SCR2","RL4","A","293","RL4","472","",
"SCR2","RL4","B","294","RL4","472","",
"SCR2","RL5","4","271","SRL5-7","1","",
"SCR2","RL5","7","327","SRL5-7","1","",
"SCR2","RL5","A","299","RL5","472","",
"SCR2","RL5","B","RL5BC","RL5","472","",
"SCR2","RL5","C","295","XRL5","","",
"SCR2","RL6A","1","320","SRL6A-7C","0","",
"SCR2","RL6A","2","319","SRL6A-8C","0","",
"SCR2","RL6A","4","315","SRL6A-7","1","",
"SCR2","RL6A","5","317","SRL6A-8","1","",
"SCR2","RL6A","7","307","SRL6A-7","1","",
"SCR2","RL6A","7C","307","SRL6A-7C","0","",
"SCR2","RL6A","8","275","SRL6A-8","1","",
"SCR2","RL6A","8C","275","SRL6A-8C","0","",
"SCR2","RL6A","A","RL6A01","RL6A","472","",
"SCR2","RL6A","B","356","RL6A","472","",
"SCR2","RL6A","C","295","XRL6A","","",
"SCR2","RL6B","1","357","SRL6B-7C","0","",
"SCR2","RL6B","2","258","SRL6B-8C","0","",
"SCR2","RL6B","7C","252","SRL6B-7C","0","",
"SCR2","RL6B","8C","271","SRL6B-8C","0","",
"SCR2","RL6B","A","RL6B01","RL6B","472","",
"SCR2","RL6B","B","356","RL6B","472","",
"SCR2","RS5","1","RL5BC","RS5","100","",
"SCR2","RS5","2","295","RS5","100","",
"SCR2","RSRL6","1","295","RSRL6","100","",
"SCR2","RSRL6","2","356","RSRL6","100","",
"SCR2","RVFB1","1","157","RVFB1","35100","",
"SCR2","RVFB1","2","102","RVFB1","35100","",
"SCR2","RVFB2","1","159","RVFB2","35100","",
"SCR2","RVFB2","2","101","RVFB2","35100","",
"SCR2","RVFB3","1","102","RVFB3","2700","",
"SCR2","RVFB3","2","0","RVFB3","2700","",
"SCR2","RVFB4","1","101","RVFB4","2700","",
"SCR2","RVFB4","2","0","RVFB4","2700","",
"SCR2","RVFB5","1","181","RVFB5","68000","",
"SCR2","RVFB5","2","101","RVFB5","68000","",
"SCR2","RX05","1","0","RX05","10000","",
"SCR2","RX05","2","320","RX05","10000","",
"SCR2","RX06","1","0","RX06","10000","",
"SCR2","RX06","2","319","RX06","10000","",
"SCR2","RX07","1","0","RX07","10000","",
"SCR2","RX07","2","357","RX07","10000","",
"SCR2","RX08","1","0","RX08","10000","",
"SCR2","RX08","2","258","RX08","10000","",
"SCR2","RX09","1","0","RX09","10000","",
"SCR2","RX09","2","315","RX09","10000","",
"SCR2","RX10","1","0","RX10","10000","",
"SCR2","RX10","2","317","RX10","10000","",
"SCR2","SCR","1","157","VSCR+","0","BR+",
"SCR2","SCR","1","159","VSCR-","0","BR-",
"SCR2","SCR","1","IFB01","VSCRI","0","AMPS",
"SCR2","TB11","1","153","X1101","","",
"SCR2","TB11","2","286","X1102","","",
"SCR2","TB11","3","138","X1103","","",
"SCR2","TB11","4","302","X1104","","",
"SCR2","TB11","5","325","X1105","","",
"SCR2","TB11","6","315","X1106","","",
"SCR2","TB11","7","317","X1107","","",
"SCR2","TB12","1","295","X1201","","",
"SCR2","TB12","2","295","X1202","","",
"SCR2","TB12","3","307","X1203","","",
"SCR2","TB12","4","135","X1204","","",
"SCR2","TB12","5","299","X1205","","",
"SCR2","TB12","6","300","X1206","","",
"SCR2","TB12","7","276","X1207","","",
"SCR2","TB21","1","244","X2101","","",
"SCR2","TB21","2","238","X2102","","",
"SCR2","TB21","3","249","X2103","","",
"SCR2","TB21","4","243","X2104","","",
"SCR2","TB26","1","238","X2601","","",
"SCR2","TB26","2","241","X2602","","",
"SCR2","TB26","3","241","X2603","","",
"SCR2","TB26","4","243","X2604","","",
"SCR2","TEST","1","154","STEST","0","",
"SCR2","TEST","2","134","STEST","0","",
"SCR2","TS1","1","249","ST1-1","0","",
"SCR2","TS1","2","243","ST1-1","0","",
"SCR2","TS2","1","243","ST2-1","0","",
"SCR2","TS2","2","241","ST2-1","0","",
"SCR3","ACC","115","229","VAC-115","115","115V",
"SCR3","BLW","1","B11","RBLW-1","1000","",
"SCR3","BLW","2","0","RBLW-1","1000","",
"SCR3","BLW","3","B12","RBLW-2","1000","",
"SCR3","BLW","4","0","RBLW-2","1000","",
"SCR3","BLW","5","B13","RBLW-3","1000","",
"SCR3","BLW","6","0","RBLW-3","1000","",
"SCR3","C1","1","230","SC1-1","1","",
"SCR3","C1","2","B01","SC1-1","1","",
"SCR3","C1","3","230","SC1-3","1","",
"SCR3","C1","4","B02","SC1-3","1","",
"SCR3","C1","5","230","SC1-5","1","",
"SCR3","C1","6","B03","SC1-5","1","",
"SCR3","C1","A","225","RC1","1000","",
"SCR3","C1","B","0","RC1","1000","",
"SCR3","CB","1","230","SCB-2","1","",
"SCR3","CB","2","229","SCB-2","1","",
"SCR3","CB","4","235","SCB-5","1","",
"SCR3","CB","5","134","SCB-5","1","",
"SCR3","CB","U10","179","RCB","1000","",
"SCR3","CB","U8","244","RCB","1000","",
"SCR3","D135","A","135","D135","0","",
"SCR3","D135","K","135A","D135","0","",
"SCR3","DCM","101","101","XDCM-101","","VFB-",
"SCR3","DCM","102","102","XDCM-102","","VFB+",
"SCR3","DCM","114","114","XDCM-114","0","DW REF",
"SCR3","DCM","116","116","XDCM-116","0","DW CONT",
"SCR3","DCM","117","117","XDCM-117","0","DW REF",
"SCR3","DCM","121","121","XDCM-121","0","MP2 CONT",
"SCR3","DCM","122","122","XDCM-122","0","MP2 REF",
"SCR3","DCM","128","128","XDCM-128","0","RT ILIM",
"SCR3","DCM","129","129","XDCM-129","0","RT CONT",
"SCR3","DCM","130","130","XDCM-130","0","RT REF",
"SCR3","DCM","131","131","XDCM-131","","IFB",
"SCR3","DCM","134","134","XDCM-134","-14","-14V CONT",
"SCR3","DCM","135","135","XDCM-135","-14","BRAKE",
"SCR3","DCM","153","153","VDCM-153","14","+14V",
"SCR3","DCM","154","154","VDCM-154","-14","-14V",
"SCR3","DCM","155","0","XDCM-155","0","0V",
"SCR3","DPC1-13","A","153","DPC1-13","0","",
"SCR3","DPC1-13","K","179","DPC1-13","0","",
"SCR3","DPC3-1","A","259","DPC3-1","0","",
"SCR3","DPC3-1","K","275","DPC3-1","0","",
"SCR3","DPC3-10","A","267","DPC3-10","0","",
"SCR3","DPC3-10","K","317","DPC3-10","0","",
"SCR3","DPC3-11","A","267","DPC3-11","0","",
"SCR3","DPC3-11","K","278","DPC3-11","0","",
"SCR3","DPC3-14","A","268","DPC3-14","0","",
"SCR3","DPC3-14","K","262","DPC3-14","0","",
"SCR3","DPC3-2","A","259","DPC3-2","0","",
"SCR3","DPC3-2","K","319","DPC3-2","0","",
"SCR3","DPC3-3","A","259","DPC3-3","0","",
"SCR3","DPC3-3","K","277","DPC3-3","0","",
"SCR3","DPC3-6","A","260","DPC3-6","0","",
"SCR3","DPC3-6","K","262","DPC3-6","0","",
"SCR3","DPC3-7","A","173","DPC3-7","0","",
"SCR3","DPC3-7","K","262","DPC3-7","0","",
"SCR3","DPC3-9","A","267","DPC3-9","0","",
"SCR3","DPC3-9","K","276","DPC3-9","0","",
"SCR3","FS1","1","238","SF1","0","",
"SCR3","FS1","2","239","SF1","0","",
"SCR3","FS2","1","239","SF2","0","",
"SCR3","FS2","2","240","SF2","0","",
"SCR3","FS3","1","240","SF3","0","",
"SCR3","FS3","2","241","SF3","0","",
"SCR3","FS4","1","244","SF4","0","",
"SCR3","FS4","2","245","SF4","0","",
"SCR3","FS5","1","245","SF5","0","",
"SCR3","FS5","2","246","SF5","0","",
"SCR3","FS6","1","246","SF6","0","",
"SCR3","FS6","2","238","SF6","0","",
"SCR3","K1","3","330","SK1-3","1","",
"SCR3","K1","4","333","SK1-3","1","",
"SCR3","K1","7","288","SK1-7","0","",
"SCR3","K1","8","343","SK1-7","0","",
"SCR3","K1","[+]","173","RK1","76","",
"SCR3","K1","[-]","330","RK1","76","",
"SCR3","K2","3","339","SK2-3","1","",
"SCR3","K2","4","121","SK2-3","1","",
"SCR3","K2","7","274","SK2-7","0","",
"SCR3","K2","8","328","SK2-7","0","",
"SCR3","K2","[+]","173","RK2","76","",
"SCR3","K2","[-]","342","RK2","76","",
"SCR3","K3","1","315","SK3-1","1","",
"SCR3","K3","2","135A","SK3-1","1","",
"SCR3","K3","3","329","SK3-3","1","",
"SCR3","K3","4","336","SK3-3","1","",
"SCR3","K3","7","343","SK3-7","0","",
"SCR3","K3","8","342","SK3-7","0","",
"SCR3","K3","[+]","173","RK3","76","",
"SCR3","K3","[-]","329","RK3","76","",
"SCR3","K4","3","336","SK4-3","1","",
"SCR3","K4","4","116","SK4-3","1","",
"SCR3","K4","7","327","SK4-7","0","",
"SCR3","K4","8","330","SK4-7","0","",
"SCR3","K4","[+]","173","RK4","76","",
"SCR3","K4","[-]","329","RK4","76","",
"SCR3","K5","A","276","SK5-A","1","",
"SCR3","K5","B","279","SK5-A","1","",
"SCR3","K5","C","275","SK5-C","1","",
"SCR3","K5","D","279","SK5-C","1","",
"SCR3","K5","E","317","SK5-E","1","",
"SCR3","K5","F","281","SK5-E","1","",
"SCR3","K5","G","319","SK5-G","1","",
"SCR3","K5","H","281","SK5-G","1","",
"SCR3","K5","J","278","SK5-J","1","",
"SCR3","K5","K","282","SK5-J","1","",
"SCR3","K5","L","277","SK5-L","1","",
"SCR3","K5","M","282","SK5-L","1","",
"SCR3","K5","[+]","262","RK5B","76","",
"SCR3","K5","[+]","262","RK5T","76","",
"SCR3","K5","[-]","259","RK5T","76","",
"SCR3","K5","[-]","267","RK5B","76","",
"SCR3","K6","3","333","SK6-3","1","",
"SCR3","K6","4","129","SK6-3","1","",
"SCR3","K6","7","328","SK6-7","0","",
"SCR3","K6","8","329","SK6-7","0","",
"SCR3","K6","[+]","173","RK6","76","",
"SCR3","K6","[-]","330","RK6","76","",
"SCR3","K7","3","342","SK7-3","1","",
"SCR3","K7","4","339","SK7-3","1","",
"SCR3","K7","7","325","SK7-7","0","",
"SCR3","K7","8","327","SK7-7","0","",
"SCR3","K7","[+]","173","RK7","76","",
"SCR3","K7","[-]","342","RK7","76","",
"SCR3","L1","1","230","L1","28","",
"SCR3","L1","2","0","L1","28","",
"SCR3","M1","[+]","102","RM1","50","",
"SCR3","M1","[-]","181","RM1","50","",
"SCR3","M2","[+]","166","RM2","50","",
"SCR3","M2","[-]","0","RM2","50","",
"SCR3","OL1","1","B01","ROL1-1","2","",
"SCR3","OL1","13","230","SOL1-13","0","",
"SCR3","OL1","14","225","SOL1-13","0","",
"SCR3","OL1","2","B11","ROL1-1","2","",
"SCR3","OL1","3","B02","ROL1-3","2","",
"SCR3","OL1","4","B12","ROL1-3","2","",
"SCR3","OL1","5","B03","ROL1-5","2","",
"SCR3","OL1","6","B13","ROL1-5","2","",
"SCR3","PC1","13","173","VPC1-13","60","+60V",
"SCR3","PC1","14","154","XPC1-14","","",
"SCR3","PC1","15","154","XPC1-15","","",
"SCR3","PC1","19","179","XPC1-19","","",
"SCR3","PC1","20","244","XPC1-20","","",
"SCR3","PC1","36","153","XPC1-36","","",
"SCR3","PC1","5","131","XPC1-05","","",
"SCR3","PC1","6","166","XPC1-06","","",
"SCR3","PC1","7","131","XPC1-07","","",
"SCR3","PC3","1","275","XPC301","","",
"SCR3","PC3","10","317","XPC310","","",
"SCR3","PC3","11","278","XPC311","","",
"SCR3","PC3","13","267","XPC313","","",
"SCR3","PC3","14","268","XPC314","","",
"SCR3","PC3","2","319","XPC302","","",
"SCR3","PC3","3","277","XPC303","","",
"SCR3","PC3","5","259","XPC305","","",
"SCR3","PC3","6","260","XPC306","","",
"SCR3","PC3","7","173","XPC307","","",
"SCR3","PC3","8","262","XPC308","","",
"SCR3","PC3","9","276","XPC309","","",
"SCR3","RIFB1","1","IFB01","RIFB1","1000","",
"SCR3","RIFB1","2","131","RIFB1","1000","",
"SCR3","RIFB2","1","131","RIFB2","2.67","",
"SCR3","RIFB2","2","0","RIFB2","2.67","",
"SCR3","RIFB3","1","131","RIFB3","5000","",
"SCR3","RIFB3","2","166","RIFB3","5000","",
"SCR3","RL3A","4","280","SRL3A-7","0","",
"SCR3","RL3A","5","325","SRL3A-8","0","",
"SCR3","RL3A","6","283","SRL3A-9","0","",
"SCR3","RL3A","7","279","SRL3A-7","0","",
"SCR3","RL3A","8","281","SRL3A-8","0","",
"SCR3","RL3A","9","282","SRL3A-9","0","",
"SCR3","RL3A","A","250","RL3A","472","",
"SCR3","RL3A","B","251","RL3A","472","",
"SCR3","RL4","4","312","SRL4-7","1","",
"SCR3","RL4","5","291","SRL4-8","1","",
"SCR3","RL4","7","288","SRL4-7","1","",
"SCR3","RL4","8","290","SRL4-8","1","",
"SCR3","RL4","A","252","RL4","472","",
"SCR3","RL4","B","253","RL4","472","",
"SCR3","RVFB1","1","157","RVFB1","35100","",
"SCR3","RVFB1","2","102","RVFB1","35100","",
"SCR3","RVFB2","1","159","RVFB2","35100","",
"SCR3","RVFB2","2","101","RVFB2","35100","",
"SCR3","RVFB3","1","102","RVFB3","2700","",
"SCR3","RVFB3","2","0","RVFB3","2700","",
"SCR3","RVFB4","1","101","RVFB4","2700","",
"SCR3","RVFB4","2","0","RVFB4","2700","",
"SCR3","RVFB5","1","181","RVFB5","68000","",
"SCR3","RVFB5","2","101","RVFB5","68000","",
"SCR3","SCR","1","157","VSCR+","0","BR+",
"SCR3","SCR","1","159","VSCR-","0","BR-",
"SCR3","SCR","1","IFB01","VSCRI","0","AMPS",
"SCR3","TB21","1","244","X2101","","",
"SCR3","TB21","2","238","X2102","","",
"SCR3","TB21","3","249","X2103","","",
"SCR3","TB21","4","243","X2104","","",
"SCR3","TB26","1","238","X2601","","",
"SCR3","TB26","2","241","X2602","","",
"SCR3","TB26","3","241","X2603","","",
"SCR3","TB26","4","243","X2604","","",
"SCR3","TEST","1","154","STEST","0","",
"SCR3","TEST","2","134","STEST","0","",
"SCR3","TS1","1","249","ST1-1","0","",
"SCR3","TS1","2","243","ST1-1","0","",
"SCR3","TS2","1","243","ST2-1","0","",
"SCR3","TS2","2","241","ST2-1","0","",
"SCR4","ACC","115","229","VAC-115","115","115V",
"SCR4","BLW","1","B11","RBLW-1","1000","",
"SCR4","BLW","2","0","RBLW-1","1000","",
"SCR4","BLW","3","B12","RBLW-2","1000","",
"SCR4","BLW","4","0","RBLW-2","1000","",
"SCR4","BLW","5","B13","RBLW-3","1000","",
"SCR4","BLW","6","0","RBLW-3","1000","",
"SCR4","C1","1","230","SC1-1","1","",
"SCR4","C1","2","B01","SC1-1","1","",
"SCR4","C1","3","230","SC1-3","1","",
"SCR4","C1","4","B02","SC1-3","1","",
"SCR4","C1","5","230","SC1-5","1","",
"SCR4","C1","6","B03","SC1-5","1","",
"SCR4","C1","A","225","RC1","1000","",
"SCR4","C1","B","0","RC1","1000","",
"SCR4","CB","1","230","SCB-2","1","",
"SCR4","CB","2","229","SCB-2","1","",
"SCR4","CB","4","235","SCB-5","1","",
"SCR4","CB","5","134","SCB-5","1","",
"SCR4","CB","U10","179","RCB","1000","",
"SCR4","CB","U8","244","RCB","1000","",
"SCR4","D01","A","138","D01","0","",
"SCR4","D01","K","255","D01","0","",
"SCR4","D02","A","258","D02","0","",
"SCR4","D02","K","135","D02","0","",
"SCR4","D109","A","109","D109","0","",
"SCR4","D109","K","109A","D109","0","",
"SCR4","DCM","101","101","XDCM-101","","VFB-",
"SCR4","DCM","102","102","XDCM-102","","VFB+",
"SCR4","DCM","109","109","XDCM-109","-14","REGEN",
"SCR4","DCM","114","114","XDCM-114","0","DW REF",
"SCR4","DCM","116","116","XDCM-116","0","DW CONT",
"SCR4","DCM","117","117","XDCM-117","0","DW REF",
"SCR4","DCM","124","124","XDCM-124","0","MP1 CONT",
"SCR4","DCM","125","125","XDCM-125","0","MP2 REF",
"SCR4","DCM","128","128","XDCM-128","0","RT ILIM",
"SCR4","DCM","129","129","XDCM-129","0","RT CONT",
"SCR4","DCM","130","130","XDCM-130","0","RT REF",
"SCR4","DCM","131","131","XDCM-131","","IFB",
"SCR4","DCM","134","134","XDCM-134","-14","-14V CONT",
"SCR4","DCM","135","135","XDCM-135","0","BRAKE",
"SCR4","DCM","138","138","XDCM-138","0","BRAKE",
"SCR4","DCM","153","153","VDCM-153","14","+14V",
"SCR4","DCM","154","154","VDCM-154","-14","-14V",
"SCR4","DCM","155","0","XDCM-155","0","0V",
"SCR4","DPC1-13","A","153","DPC1-13","0","",
"SCR4","DPC1-13","K","179","DPC1-13","0","",
"SCR4","FS1","1","238","SF1","0","",
"SCR4","FS1","2","239","SF1","0","",
"SCR4","FS2","1","239","SF2","0","",
"SCR4","FS2","2","240","SF2","0","",
"SCR4","FS3","1","240","SF3","0","",
"SCR4","FS3","2","241","SF3","0","",
"SCR4","FS4","1","244","SF4","0","",
"SCR4","FS4","2","245","SF4","0","",
"SCR4","FS5","1","245","SF5","0","",
"SCR4","FS5","2","246","SF5","0","",
"SCR4","FS6","1","246","SF6","0","",
"SCR4","FS6","2","238","SF6","0","",
"SCR4","K1","3","282","SK1-3","1","",
"SCR4","K1","4","281","SK1-3","1","",
"SCR4","K1","7","288","SK1-7","0","",
"SCR4","K1","8","287","SK1-7","0","",
"SCR4","K1","[+]","173","RK1","76","",
"SCR4","K1","[-]","282","RK1","76","",
"SCR4","K2","3","293","SK2-3","1","",
"SCR4","K2","4","124","SK2-3","1","",
"SCR4","K2","7","284","SK2-7","0","",
"SCR4","K2","8","283","SK2-7","0","",
"SCR4","K2","[+]","173","RK2","76","",
"SCR4","K2","[-]","286","RK2","76","",
"SCR4","K3","3","274","SK3-3","1","",
"SCR4","K3","4","277","SK3-3","1","",
"SCR4","K3","5","264","SK3-5","0","",
"SCR4","K3","6","266","SK3-5","0","",
"SCR4","K3","7","287","SK3-7","0","",
"SCR4","K3","8","286","SK3-7","0","",
"SCR4","K3","[+]","173","RK3","76","",
"SCR4","K3","[-]","274","RK3","76","",
"SCR4","K4","1","262","SK4-1","1","",
"SCR4","K4","2","109A","SK4-1","1","",
"SCR4","K4","3","277","SK4-3","1","",
"SCR4","K4","4","116","SK4-3","1","",
"SCR4","K4","5","263","SK4-5","0","",
"SCR4","K4","6","265","SK4-5","0","",
"SCR4","K4","7","283","SK4-7","0","",
"SCR4","K4","8","282","SK4-7","0","",
"SCR4","K4","[+]","173","RK4","76","",
"SCR4","K4","[-]","274","RK4","76","",
"SCR4","K6","3","281","SK6-3","1","",
"SCR4","K6","4","129","SK6-3","1","",
"SCR4","K6","7","272","SK6-7","0","",
"SCR4","K6","8","273","SK6-7","0","",
"SCR4","K6","[+]","173","RK6","76","",
"SCR4","K6","[-]","282","RK6","76","",
"SCR4","K7","3","286","SK7-3","1","",
"SCR4","K7","4","293","SK7-3","1","",
"SCR4","K7","7","273","SK7-7","0","",
"SCR4","K7","8","274","SK7-7","0","",
"SCR4","K7","[+]","173","RK7","76","",
"SCR4","K7","[-]","286","RK7","76","",
"SCR4","L1","1","230","L1","28","",
"SCR4","L1","2","0","L1","28","",
"SCR4","M1","[+]","102","RM1","50","",
"SCR4","M1","[-]","181","RM1","50","",
"SCR4","M2","[+]","166","RM2","50","",
"SCR4","M2","[-]","0","RM2","50","",
"SCR4","OL1","1","B01","ROL1-1","2","",
"SCR4","OL1","13","230","SOL1-13","0","",
"SCR4","OL1","14","225","SOL1-13","0","",
"SCR4","OL1","2","B11","ROL1-1","2","",
"SCR4","OL1","3","B02","ROL1-3","2","",
"SCR4","OL1","4","B12","ROL1-3","2","",
"SCR4","OL1","5","B03","ROL1-5","2","",
"SCR4","OL1","6","B13","ROL1-5","2","",
"SCR4","PC1","13","173","VPC1-13","60","+60V",
"SCR4","PC1","14","154","XPC1-14","","",
"SCR4","PC1","15","154","XPC1-15","","",
"SCR4","PC1","19","179","XPC1-19","","",
"SCR4","PC1","20","244","XPC1-20","","",
"SCR4","PC1","36","153","XPC1-36","","",
"SCR4","PC1","5","131","XPC1-05","","",
"SCR4","PC1","6","166","XPC1-06","","",
"SCR4","PC1","7","131","XPC1-07","","",
"SCR4","RIFB1","1","IFB01","RIFB1","1000","",
"SCR4","RIFB1","2","131","RIFB1","1000","",
"SCR4","RIFB2","1","131","RIFB2","2.67","",
"SCR4","RIFB2","2","0","RIFB2","2.67","",
"SCR4","RIFB3","1","131","RIFB3","5000","",
"SCR4","RIFB3","2","166","RIFB3","5000","",
"SCR4","RL2","4","259","SRL2-7","1","",
"SCR4","RL2","5","252","SRL2-8","1","",
"SCR4","RL2","7","272","SRL2-7","1","",
"SCR4","RL2","8","253","SRL2-8","1","",
"SCR4","RL2","A","260","RL2","472","",
"SCR4","RL2","B","261","RL2","472","",
"SCR4","RVFB1","1","157","RVFB1","35100","",
"SCR4","RVFB1","2","102","RVFB1","35100","",
"SCR4","RVFB2","1","159","RVFB2","35100","",
"SCR4","RVFB2","2","101","RVFB2","35100","",
"SCR4","RVFB3","1","102","RVFB3","2700","",
"SCR4","RVFB3","2","0","RVFB3","2700","",
"SCR4","RVFB4","1","101","RVFB4","2700","",
"SCR4","RVFB4","2","0","RVFB4","2700","",
"SCR4","RVFB5","1","181","RVFB5","68000","",
"SCR4","RVFB5","2","101","RVFB5","68000","",
"SCR4","SCR","1","157","VSCR+","0","BR+",
"SCR4","SCR","1","159","VSCR-","0","BR-",
"SCR4","SCR","1","IFB01","VSCRI","0","AMPS",
"SCR4","TB11","1","138","X1101","","",
"SCR4","TB11","2","258","X1102","","",
"SCR4","TB12","1","255","X1201","","",
"SCR4","TB12","2","135","X1202","","",
"SCR4","TB21","1","244","X2101","","",
"SCR4","TB21","2","238","X2102","","",
"SCR4","TB21","3","249","X2103","","",
"SCR4","TB21","4","243","X2104","","",
"SCR4","TB26","1","238","X2601","","",
"SCR4","TB26","2","241","X2602","","",
"SCR4","TB26","3","241","X2603","","",
"SCR4","TB26","4","243","X2604","","",
"SCR4","TEST","1","154","STEST","0","",
"SCR4","TEST","2","134","STEST","0","",
"SCR4","TS1","1","249","ST1-1","0","",
"SCR4","TS1","2","243","ST1-1","0","",
"SCR4","TS2","1","243","ST2-1","0","",
"SCR4","TS2","2","241","ST2-1","0","",
